{
  "algorithm": "tabu_search",
  "config_name": "tenure15_cand100_tgt20",
  "avg_max_route": 1030.200280952381,
  "std_max_route": 346.96998178382756,
  "avg_runtime_s": 9.875409523809523,
  "mean_relative_max_route": 0.9728680509768035,
  "win_rate": 0.5714285714285714,
  "mean_max_route_improvement_pct": 2.7131949023196436,
  "median_max_route_improvement_pct": 0.270434102055053
}