{
  "algorithm": "tabu_search",
  "config_name": "tenure15_cand200",
  "avg_max_route": 1000.3634261904762,
  "std_max_route": 315.47590600746895,
  "avg_runtime_s": 10.075747619047618,
  "mean_relative_max_route": 0.9887766725141554,
  "win_rate": 0.2857142857142857,
  "mean_max_route_improvement_pct": 1.1223327485844639,
  "median_max_route_improvement_pct": 0.0
}